Subreddit,Post ID,Post Title,Comments per Post,Date/time of Post,Removed Comments per Post,% of Comments Removed,Comments We Counted
Coronavirus,fxdwoa,All 11 Coronavirus patients in Greenland have now recovered. It is now the only affected country/territory with no active cases.,2391,4/8/2020 16:14,11,0.46,2321
Coronavirus,g03smi,"Kentucky church fills Easter service to near capacity, while cops wait in parking lot with 14-day quarantines for all.",3740,4/12/2020 16:10,85,2.27,3705
Coronavirus,g0rbav,Virginia pastor who defiantly held church service dies of coronavirus,328,4/13/2020 16:48,20,6.1,280
Coronavirus,g1imo3,Hackers leak thousands of coronavirus research papers which were hidden behind paywalls,2240,4/14/2020 21:45,26,1.16,2186
Coronavirus,fzdovx,"For the first time in US history, every state is under a disaster declaration simultaneously",3032,4/11/2020 14:41,86,2.84,2980
Coronavirus,g4wbpw,"Facebook Will Remove Content Organizing Protests Against Stay-at-Home Orders, Zuckerberg Says",3090,4/20/2020 12:46,143,4.63,3064
Coronavirus,gb2oi5,Maryland governor says coronavirus tests acquired from South Korea under guard at undisclosed location to protect the tests from seizure by federal government,1480,4/30/2020 15:41,106,7.16,1442
Coronavirus,futefm,"In Northern Italy, 60 volunteers who thought they'd never suffered COVID-19 gave blood. 40 of them tested positive for antibodies to the virus.",3480,4/4/2020 9:06,8,0.23,3397
Coronavirus,fu68fn,"Fewer than half of Americans believe their daily routine will return to normal by June, as fears over coronavirus rise",5707,4/3/2020 6:47,83,1.45,5527
Coronavirus,g4s61c,The Latest: Fauci says reopening too quickly will backfire,4298,4/20/2020 8:49,121,2.82,3969
Coronavirus,g3ep7r,Texas judge rules all registered voters can vote by mail if they fear catching coronavirus,301,4/17/2020 21:10,29,9.63,256
Coronavirus,g69y1g,Ohio man dies from COVID-19 after criticizing governor’s coronavirus lockdown as ‘madness’,42,4/22/2020 17:34,3,7.14,30
Coronavirus,fvrgvh,Dr Drew Uses Copyright Claim to Takedown Supercut of Him Downplaying COVID-19,2692,4/5/2020 23:37,24,0.89,2618
Coronavirus,g3wily,"In 1918, there was an anti-mask league in San Francisco, which objected to wearing masks to prevent the spread of influenza. They held meetings of thousands of maskless people. San Francisco was ultimately was one of the cities that suffered most from the Spanish Influenza pandemic",1673,4/18/2020 18:35,32,1.91,1596
Coronavirus,g8d9xu,German government confirms attempts by Chinese diplomats to persuade German officials to make positive public statements about China's management of the pandemic,89,4/26/2020 8:09,11,12.36,67
Coronavirus,galk2a,"WATCH: Los Angeles Becomes The First Major City In The US To Offer Free Testing To Every Resident, Even Those With No Symptomss",2083,4/29/2020 20:40,47,2.26,1977
Coronavirus,fyrwbc,Poll: 59 percent of voters more concerned about rolling back social distancing too soon than economic fallout,2928,4/10/2020 19:46,71,2.42,2916
Coronavirus,g4b9r1,Coronavirus Has Now Killed More People in US than 2018-2019 Flu Season,3490,4/19/2020 13:10,53,1.52,3182
Coronavirus,fw4zdi,"British Prime Minister, who is suffering from coronavirus, has been admitted to intensive care as his condition has worsened",1487,4/6/2020 15:17,64,4.3,1455
Coronavirus,g6xpii,Trump suggests 'injection' of disinfectant to beat coronavirus and 'clean' the lungs,920,4/23/2020 19:44,39,4.24,795
Coronavirus,g5bvbn,"Jacksonville infectious disease expert: ‘I think we’re prematurely opening up the beaches’ - “The way I can describe it is, I prescribe you a prescription for 10 days for a bacterial infection. You take that for two or three days and you’re feeling better, ‘Oh, I don’t need to take it anymore.’",1636,4/21/2020 5:05,37,2.26,1589
Coronavirus,fuo371,Washington state nonprofit files lawsuit saying Fox News misled viewers about coronavirus,3238,4/4/2020 1:28,74,2.29,3076
Coronavirus,g4jq7m,Kentucky reports highest coronavirus infection increase after a week of protests to reopen state,1541,4/19/2020 21:31,70,4.54,1468
Coronavirus,fxrk40,"China reclassifies dogs as pets, not livestock, in post-virus regulatory push",2875,4/9/2020 8:29,17,0.59,2905
Coronavirus,g8lgbv,Study: 71 percent of jobless Americans did not receive their March unemployment benefits,516,4/26/2020 16:09,13,2.52,498
COVID19,g2czc4,Number of people with coronavirus infections may be dozens of times higher than the number of confirmed cases,1507,4/16/2020 7:11,0,0,1534
COVID19,g4znbg,At least 11% of tested blood donors in Stockholm had Covid19 antibody as of last week.,1234,4/20/2020 15:43,10,0.81,1231
COVID19,g1hpwu,Ending coronavirus lockdowns will be a dangerous process of trial and error,1586,4/14/2020 20:46,0,0,1568
COVID19,g4oj23,Antibody tests suggest that coronavirus infections vastly exceed official counts,1000,4/20/2020 3:45,13,1.3,1001
COVID19,g6pqsr,NYS/NYC antibody study updates,1882,4/23/2020 12:26,11,0.58,1889
COVID19,gcb7cx,"Amid Ongoing Covid-19 Pandemic, Governor Cuomo Announces Results of Completed Antibody Testing Study of 15,000 People Show 12.3 Percent of Population Has Covid-19 Antibodies",1071,5/2/2020 14:23,3,0.28,1092
COVID19,g99qkr,"Amid Ongoing COVID-19 Pandemic, Governor Cuomo Announces Phase II Results of Antibody Testing Study Show 14.9% of Population Has COVID-19 Antibodies",1099,4/27/2020 17:21,9,0.82,1120
COVID19,fyblga,Evidence that Vitamin D Supplementation Could Reduce Risk of Influenza and COVID-19 Infections and Deaths,627,4/10/2020 4:13,0,0,635
COVID19,g5lo2t,Human trials for Covid19 vaccine to begin on Thursday,671,4/21/2020 15:19,4,0.6,675
COVID19,fu6zi0,The FDA-approved Drug Ivermectin inhibits the replication of SARS-CoV-2 in vitro,520,4/3/2020 7:47,0,0,504
COVID19,g9qtgu,Vitamin D Insufficiency is Prevalent in Severe COVID-19,541,4/28/2020 12:51,3,0.55,544
COVID19,g3jufj,The subway seeded the massive coronavirus epidemic in new york city,443,4/18/2020 3:53,0,0,438
COVID19,g7kr1o,UChicago Medicine doctors see 'truly remarkable' success using ventilator alternatives to treat COVID-19,324,4/24/2020 21:16,3,0.93,323
COVID19,fwinf2,COVID-19: On average only 6% of actual SARS-CoV-2 infections detected worldwide,648,4/7/2020 7:08,0,0,651
COVID19,g64ygs,Saliva is more sensitive for SARS-CoV-2 detection in COVID-19 patients than nasopharyngeal swabs,219,4/22/2020 13:05,2,0.91,216
COVID19,g3sgcf,"COVID-19 Outbreak Associated with Air Conditioning in Restaurant, Guangzhou, China",635,4/18/2020 14:33,2,0.31,637
COVID19,fw4rc8,Statement: Raoult's Hydroxychloroquine-COVID-19 study did not meet publishing society’s “expected standard”,379,4/6/2020 15:05,0,0,363
COVID19,g7zl19,Vitamin D Supplementation Could Possibly Improve Clinical Outcomes of Patients Infected with Coronavirus-2019 (COVID-2019),326,4/25/2020 15:23,1,0.31,320
COVID19,fx24mg,Loss of smell and taste in combination with other symptoms is a strong predictor of COVID-19 infection,290,4/8/2020 3:39,0,0,289
COVID19,gadkpt,NIAID statement: NIH Clinical Trial Shows Remdisivir Accelerates Recovery from Advanced COVID-19,411,4/29/2020 13:26,4,0.97,413
COVID19,g66f2t,Hundreds of people volunteer to be infected with coronavirus,511,4/22/2020 14:23,3,0.59,522
COVID19,gc2mi1,Blood clotting a significant cause of death in patients with COVID-19,260,5/2/2020 3:46,1,0.38,260
COVID19,g14ees,No evidence of clinical efficacy of hydroxychloroquine in patients hospitalized for COVID-19 infection with oxygen requirement: results of a study using routinely collected data to emulate a target trial,283,4/14/2020 8:11,1,0.35,272
COVID19,fuxlei,Two dogs tested positive of SARS-CoV-2. They showed no clinical symptoms,331,4/4/2020 13:26,0,0,339
COVID19,gbptz4,FDA issues an Emergency Use Authorization (EUA) for remdesivir the treatment of hospitalized COVID-19 patients,433,5/1/2020 16:35,3,0.69,433
,,,,,,,
,,,,,,,
,,,,,,,
,,,,,,,
,,,,,,,
,,,,,,,
,,,,,,,
,,,,,,,
